SET NAMES UTF8;
DROP DATABASE IF EXISTS iweb;
CREATE DATABASE iweb CHARSET=UTF8;
USE iweb;

/*0.网站基本信息表*/
CREATE TABLE basicInfo(
  logoUrl VARCHAR(128),		/*logo图片路径*/
  siteName VARCHAR(32),		/*网站名称*/
  adminMail VARCHAR(64),	/*管理员邮箱*/
  adminPhone VARCHAR(19),	/*管理员电话*/
  copyright VARCHAR(128),	/*版权声明*/
  companyName VARCHAR(64),	/*公司名称*/
  icp VARCHAR(64)		/*ICP备案号*/
);
/*网站基本信息表只有一行记录*/
INSERT INTO basicInfo VALUES
('images/logo.png', 'iWeb在线课堂', 'iweb@126.com', '4008-200-200', 
'Copyright © 2016-2020 tedu.com, All Rights Reserved 版权所有', 
'北京达内教育集团','京ICP备123456号-1 京公网安备110180201608号');

/*1.轮播广告表*/
CREATE TABLE carousel(
    cid INT PRIMARY KEY AUTO_INCREMENT,		/*广告编号*/
    picUrl VARCHAR(128),			/*图片地址*/
    href VARCHAR(128),				/*引用地址*/
    title VARCHAR(128)				/*说明文字*/
);
INSERT INTO carousel VALUES
(1,'images/banner01.jpg','course_detail.html?cid=1','01-Linux系统管理'),
(2,'images/banner02.jpg','course_detail.html?cid=2','02-jQuery操作DOM'),
(3,'images/banner03.jpg','course_detail.html?cid=3','03-绘制基本UI控件'),
(4,'images/banner04.jpg','course_detail.html?cid=4','04-U3D实景漫游');

/*2.校区表*/
CREATE TABLE school(
    sid INT PRIMARY KEY AUTO_INCREMENT,		/*校区编号*/
    sname VARCHAR(32),				/*校区名称*/
    address VARCHAR(128),			/*地址*/
    phone VARCHAR(16),				/*电话*/
    postcode VARCHAR(6)				/*邮编*/
);
INSERT INTO school VALUES
(1,'北京中关村中心','北京市海淀区北三环西路甲18号（大钟寺附近）中鼎大厦B座7层','010-62130963','100098'),
(2,'北京天坛中心','北京市崇文区珠市口东大街6号珍贝大厦西侧3层达内科技','010-67028668','100050'),
(3,'北京广渠门中心','北京市东城区广渠门东广渠家园25号楼启达大厦一层','15321130620','100010'),
(4,'北京北京清华园中心','北京市海淀区花园路小关街120号万盛商务会馆A区三层','010-82676916','100088'),
(5,'北京万寿路中心','北京市海淀区万寿路西街2号文博大厦二层达内科技','010-82761288','100081');

/*3.讲师表*/
CREATE TABLE teacher(
	tid INT PRIMARY KEY AUTO_INCREMENT, /*讲师编号*/    
	tname VARCHAR(32),                  /*讲师名称*/
	maincourse VARCHAR(32),             /*主讲课程*/
	tpic VARCHAR(64),                   /*照片*/
	experience VARCHAR(1024),           /*授课经验*/
	style VARCHAR(1024)	            /*授课风格*/
);
INSERT INTO teacher VALUES
(1, '成亮', 'WEB全栈开发','img-teacher/cl.jpg', '10年互联网开发经验， 精通HTML5，CSS3，js，vue，angualr 等网页前端技术及 php后端 开发；先后就职于多家 IT 互联网公司，曾任某网络公司技术主管，服务机构有首都师范大学、中国联通、中国石油、国家图书馆、中国摄影协会等。','讲课诙谐幽默，深处浅出，深得学生喜爱。'),
(2, '李然', '高级网页设计','img-teacher/lr.jpg', '从事前端开发多年，参与 及主导研发过多个省级政府项目及海 外项目，参与 NEC，福特等大型企业 CRM 系统的研发。项目涉及金融，汽 车，电子等多个领域。于文思海辉专 职负责前端产品线培训时，积累了大 量的教学经验。', '教学风格风趣幽默，细致严谨。善于以项目流程反推知识点讲解，深受学员好评。'),
(3, '张东', 'JS高级编程','img-teacher/zd.jpg', '美国PMP认证高级项目经理，微软认证解决方案开发专家。先后在中软国际、中国搜索、太极计算机担任高级开发工程师，架构师，项目经理。曾担任中央外汇管理中心、中国石油、二炮工程研究院、首都国际机场技术咨询顾问。','一切从实际项目出发，快速入门，学以致用。讲课极富激情，语言表达精准，有感染力。案例丰富、直观，步骤细致，清晰。注重从学习到实际工作的快速转化。'),
(4, '吴华', '移动APP开发','img-teacher/wh.jpg', '曾就职于北京塞博维尔信息咨询公司，具备多年的互联网应用经验，精通PHP框架技术。在Web3.0前沿技术方面有着深入的研究，曾参与Shop EX核心模块开发。','感情充沛，富有激情，容易引起学生们的共鸣。授课时能旁征博引，使学生从诸多的材料中得出结论，并且启迪学生的想象能力。'),
(5, '纪盈鑫', '前端框架开发','img-teacher/jyx.jpg', '曾就职于东软集团。参与开发家乐福，津津会员卡等多款上线app。拥有外包和产品两种开发经历。已指导并帮助学员上架多个项目到AppStore。授课风趣幽默，亲和力强。教学耐心，循序渐进，课堂气氛活跃。善于结合生活中的实例，把艰涩难懂的知识点传授给学员。','授课风趣幽默，亲和力强。教学耐心，循序渐进，课堂气氛活跃。善于结合生活中的实例，把艰涩难懂的知识点传授给学员。');

/*4.课程类别表*/
CREATE TABLE type(
    tpid INT PRIMARY KEY AUTO_INCREMENT,	/*类别编号*/
    tpname VARCHAR(32)				/*类别名称*/
);
INSERT INTO type VALUES
(1,'基础课程'),
(2,'核心课程'),
(3,'进阶课程');

/*5.课程表*/
CREATE TABLE course(
    cid INT PRIMARY KEY AUTO_INCREMENT, /*课程编号*/
    typeId INT,                          /*课程类别*/
    title VARCHAR(32),                   /*课程名称*/
    teacherId INT,                       /*主讲老师*/
    cLength VARCHAR(32),                 /*课时*/
    startTime VARCHAR(32),               /*开课时间*/
    address VARCHAR(32),                 /*授课地址——此处有问题*/
    pic VARCHAR(32),                     /*主图片*/
    price FLOAT(8,2),                    /*价格*/
    details VARCHAR(2048),                  /*详情*/
    buyCount INT			 /*购买次数*/
);
INSERT INTO course VALUES
(1,'1','01-小程序零基础入门','1','10天','每周一开课','i前端各校区 ','img-course/01.jpg','300.00','<p>本课程详细讲解了HTML5的各个方面，课程从环境搭建开始，依次讲述了HTML5新元素、Canvas、SVG、Audio、GPS定位、拖拽效果、WEB存储、App Cache、HTML5 多线程和HTML5消息推送等内容。本课程详细讲解了HTML5的各个方面，课程从环境搭建开始，依次讲述了HTML5新元素、Canvas、SVG、Audio、GPS定位、拖拽效果、WEB存储、App Cache、HTML5 多线程和HTML5消息推送等内容。</p><p>本课程详细讲解了HTML5的各个方面，课程从环境搭建开始，依次讲述了HTML5新元素、Canvas、SVG、Audio、GPS定位、拖拽效果、WEB存储、App Cache、HTML5 多线程和HTML5消息推送等内容。本课程详细讲解了HTML5的各个方面，课程从环境搭建开始，依次讲述了HTML5新元素、Canvas、SVG、Audio、GPS定位、拖拽效果、WEB存储、App Cache、HTML5 多线程和HTML5消息推送等内容。</p><p>本课程详细讲解了HTML5的各个方面，课程从环境搭建开始，依次讲述了HTML5新元素、Canvas、SVG、Audio、GPS定位、拖拽效果、WEB存储、App Cache、HTML5 多线程和HTML5消息推送等内容。</p>',351),
(2,'2','02-U3D实景漫游','2','4天','每周二开课','i前端各校区 ','img-course/02.jpg','299.00','<p>本课程详细讲解了HTML5的各个方面，课程从环境搭建开始，依次讲述了HTML5新元素、Canvas、SVG、Audio、GPS定位、拖拽效果、WEB存储、App Cache、HTML5 多线程和HTML5消息推送等内容。本课程详细讲解了HTML5的各个方面，课程从环境搭建开始，依次讲述了HTML5新元素、Canvas、SVG、Audio、GPS定位、拖拽效果、WEB存储、App Cache、HTML5 多线程和HTML5消息推送等内容。</p><p>本课程详细讲解了HTML5的各个方面，课程从环境搭建开始，依次讲述了HTML5新元素、Canvas、SVG、Audio、GPS定位、拖拽效果、WEB存储、App Cache、HTML5 多线程和HTML5消息推送等内容。本课程详细讲解了HTML5的各个方面，课程从环境搭建开始，依次讲述了HTML5新元素、Canvas、SVG、Audio、GPS定位、拖拽效果、WEB存储、App Cache、HTML5 多线程和HTML5消息推送等内容。</p><p>本课程详细讲解了HTML5的各个方面，课程从环境搭建开始，依次讲述了HTML5新元素、Canvas、SVG、Audio、GPS定位、拖拽效果、WEB存储、App Cache、HTML5 多线程和HTML5消息推送等内容。</p>',513),
(3,'3','03-绘制基本UI控件','3','3天','每周五开课','i前端各校区 ','img-course/03.jpg','400.00','<p>本课程详细讲解了HTML5的各个方面，课程从环境搭建开始，依次讲述了HTML5新元素、Canvas、SVG、Audio、GPS定位、拖拽效果、WEB存储、App Cache、HTML5 多线程和HTML5消息推送等内容。本课程详细讲解了HTML5的各个方面，课程从环境搭建开始，依次讲述了HTML5新元素、Canvas、SVG、Audio、GPS定位、拖拽效果、WEB存储、App Cache、HTML5 多线程和HTML5消息推送等内容。</p><p>本课程详细讲解了HTML5的各个方面，课程从环境搭建开始，依次讲述了HTML5新元素、Canvas、SVG、Audio、GPS定位、拖拽效果、WEB存储、App Cache、HTML5 多线程和HTML5消息推送等内容。本课程详细讲解了HTML5的各个方面，课程从环境搭建开始，依次讲述了HTML5新元素、Canvas、SVG、Audio、GPS定位、拖拽效果、WEB存储、App Cache、HTML5 多线程和HTML5消息推送等内容。</p><p>本课程详细讲解了HTML5的各个方面，课程从环境搭建开始，依次讲述了HTML5新元素、Canvas、SVG、Audio、GPS定位、拖拽效果、WEB存储、App Cache、HTML5 多线程和HTML5消息推送等内容。</p>',113),
(4,'1','04-微信小程序概述','4','10天','每周三开课','i前端各校区 ','img-course/04.jpg','599.00','<p>本课程详细讲解了HTML5的各个方面，课程从环境搭建开始，依次讲述了HTML5新元素、Canvas、SVG、Audio、GPS定位、拖拽效果、WEB存储、App Cache、HTML5 多线程和HTML5消息推送等内容。本课程详细讲解了HTML5的各个方面，课程从环境搭建开始，依次讲述了HTML5新元素、Canvas、SVG、Audio、GPS定位、拖拽效果、WEB存储、App Cache、HTML5 多线程和HTML5消息推送等内容。</p><p>本课程详细讲解了HTML5的各个方面，课程从环境搭建开始，依次讲述了HTML5新元素、Canvas、SVG、Audio、GPS定位、拖拽效果、WEB存储、App Cache、HTML5 多线程和HTML5消息推送等内容。本课程详细讲解了HTML5的各个方面，课程从环境搭建开始，依次讲述了HTML5新元素、Canvas、SVG、Audio、GPS定位、拖拽效果、WEB存储、App Cache、HTML5 多线程和HTML5消息推送等内容。</p><p>本课程详细讲解了HTML5的各个方面，课程从环境搭建开始，依次讲述了HTML5新元素、Canvas、SVG、Audio、GPS定位、拖拽效果、WEB存储、App Cache、HTML5 多线程和HTML5消息推送等内容。</p>',711),
(5,'2','05-手机图标绘制','5','15天','每周四开课','i前端各校区 ','img-course/05.jpg','350.00','<p>本课程详细讲解了HTML5的各个方面，课程从环境搭建开始，依次讲述了HTML5新元素、Canvas、SVG、Audio、GPS定位、拖拽效果、WEB存储、App Cache、HTML5 多线程和HTML5消息推送等内容。本课程详细讲解了HTML5的各个方面，课程从环境搭建开始，依次讲述了HTML5新元素、Canvas、SVG、Audio、GPS定位、拖拽效果、WEB存储、App Cache、HTML5 多线程和HTML5消息推送等内容。</p><p>本课程详细讲解了HTML5的各个方面，课程从环境搭建开始，依次讲述了HTML5新元素、Canvas、SVG、Audio、GPS定位、拖拽效果、WEB存储、App Cache、HTML5 多线程和HTML5消息推送等内容。本课程详细讲解了HTML5的各个方面，课程从环境搭建开始，依次讲述了HTML5新元素、Canvas、SVG、Audio、GPS定位、拖拽效果、WEB存储、App Cache、HTML5 多线程和HTML5消息推送等内容。</p><p>本课程详细讲解了HTML5的各个方面，课程从环境搭建开始，依次讲述了HTML5新元素、Canvas、SVG、Audio、GPS定位、拖拽效果、WEB存储、App Cache、HTML5 多线程和HTML5消息推送等内容。</p>',762),
(6,'3','06-jQuery操作DOM(上)','1','2天','每周三开课','i前端各校区 ','img-course/06.jpg','600.00','<p>本课程详细讲解了HTML5的各个方面，课程从环境搭建开始，依次讲述了HTML5新元素、Canvas、SVG、Audio、GPS定位、拖拽效果、WEB存储、App Cache、HTML5 多线程和HTML5消息推送等内容。本课程详细讲解了HTML5的各个方面，课程从环境搭建开始，依次讲述了HTML5新元素、Canvas、SVG、Audio、GPS定位、拖拽效果、WEB存储、App Cache、HTML5 多线程和HTML5消息推送等内容。</p><p>本课程详细讲解了HTML5的各个方面，课程从环境搭建开始，依次讲述了HTML5新元素、Canvas、SVG、Audio、GPS定位、拖拽效果、WEB存储、App Cache、HTML5 多线程和HTML5消息推送等内容。本课程详细讲解了HTML5的各个方面，课程从环境搭建开始，依次讲述了HTML5新元素、Canvas、SVG、Audio、GPS定位、拖拽效果、WEB存储、App Cache、HTML5 多线程和HTML5消息推送等内容。</p><p>本课程详细讲解了HTML5的各个方面，课程从环境搭建开始，依次讲述了HTML5新元素、Canvas、SVG、Audio、GPS定位、拖拽效果、WEB存储、App Cache、HTML5 多线程和HTML5消息推送等内容。</p>',812),
(7,'1','07-WXAPP之一周上手','2','8天','每周一开课','i前端各校区 ','img-course/07.jpg','588.00','<p>本课程详细讲解了HTML5的各个方面，课程从环境搭建开始，依次讲述了HTML5新元素、Canvas、SVG、Audio、GPS定位、拖拽效果、WEB存储、App Cache、HTML5 多线程和HTML5消息推送等内容。本课程详细讲解了HTML5的各个方面，课程从环境搭建开始，依次讲述了HTML5新元素、Canvas、SVG、Audio、GPS定位、拖拽效果、WEB存储、App Cache、HTML5 多线程和HTML5消息推送等内容。</p><p>本课程详细讲解了HTML5的各个方面，课程从环境搭建开始，依次讲述了HTML5新元素、Canvas、SVG、Audio、GPS定位、拖拽效果、WEB存储、App Cache、HTML5 多线程和HTML5消息推送等内容。本课程详细讲解了HTML5的各个方面，课程从环境搭建开始，依次讲述了HTML5新元素、Canvas、SVG、Audio、GPS定位、拖拽效果、WEB存储、App Cache、HTML5 多线程和HTML5消息推送等内容。</p><p>本课程详细讲解了HTML5的各个方面，课程从环境搭建开始，依次讲述了HTML5新元素、Canvas、SVG、Audio、GPS定位、拖拽效果、WEB存储、App Cache、HTML5 多线程和HTML5消息推送等内容。</p>',611),
(8,'2','08-零基础商业插画','3','1天','每周二开课','i前端各校区 ','img-course/08.jpg','800.00','<p>本课程详细讲解了HTML5的各个方面，课程从环境搭建开始，依次讲述了HTML5新元素、Canvas、SVG、Audio、GPS定位、拖拽效果、WEB存储、App Cache、HTML5 多线程和HTML5消息推送等内容。本课程详细讲解了HTML5的各个方面，课程从环境搭建开始，依次讲述了HTML5新元素、Canvas、SVG、Audio、GPS定位、拖拽效果、WEB存储、App Cache、HTML5 多线程和HTML5消息推送等内容。</p><p>本课程详细讲解了HTML5的各个方面，课程从环境搭建开始，依次讲述了HTML5新元素、Canvas、SVG、Audio、GPS定位、拖拽效果、WEB存储、App Cache、HTML5 多线程和HTML5消息推送等内容。本课程详细讲解了HTML5的各个方面，课程从环境搭建开始，依次讲述了HTML5新元素、Canvas、SVG、Audio、GPS定位、拖拽效果、WEB存储、App Cache、HTML5 多线程和HTML5消息推送等内容。</p><p>本课程详细讲解了HTML5的各个方面，课程从环境搭建开始，依次讲述了HTML5新元素、Canvas、SVG、Audio、GPS定位、拖拽效果、WEB存储、App Cache、HTML5 多线程和HTML5消息推送等内容。</p>',512),
(9,'3','09-Linux系统管理','4','10天','每周五开课','i前端各校区 ','img-course/09.jpg','200.00','<p>本课程详细讲解了HTML5的各个方面，课程从环境搭建开始，依次讲述了HTML5新元素、Canvas、SVG、Audio、GPS定位、拖拽效果、WEB存储、App Cache、HTML5 多线程和HTML5消息推送等内容。本课程详细讲解了HTML5的各个方面，课程从环境搭建开始，依次讲述了HTML5新元素、Canvas、SVG、Audio、GPS定位、拖拽效果、WEB存储、App Cache、HTML5 多线程和HTML5消息推送等内容。</p><p>本课程详细讲解了HTML5的各个方面，课程从环境搭建开始，依次讲述了HTML5新元素、Canvas、SVG、Audio、GPS定位、拖拽效果、WEB存储、App Cache、HTML5 多线程和HTML5消息推送等内容。本课程详细讲解了HTML5的各个方面，课程从环境搭建开始，依次讲述了HTML5新元素、Canvas、SVG、Audio、GPS定位、拖拽效果、WEB存储、App Cache、HTML5 多线程和HTML5消息推送等内容。</p><p>本课程详细讲解了HTML5的各个方面，课程从环境搭建开始，依次讲述了HTML5新元素、Canvas、SVG、Audio、GPS定位、拖拽效果、WEB存储、App Cache、HTML5 多线程和HTML5消息推送等内容。</p>',912),
(10,'1','10-视频剪辑课程','5','5天','每周六开课','i前端各校区 ','img-course/10.jpg','450.00','<p>本课程详细讲解了HTML5的各个方面，课程从环境搭建开始，依次讲述了HTML5新元素、Canvas、SVG、Audio、GPS定位、拖拽效果、WEB存储、App Cache、HTML5 多线程和HTML5消息推送等内容。本课程详细讲解了HTML5的各个方面，课程从环境搭建开始，依次讲述了HTML5新元素、Canvas、SVG、Audio、GPS定位、拖拽效果、WEB存储、App Cache、HTML5 多线程和HTML5消息推送等内容。</p><p>本课程详细讲解了HTML5的各个方面，课程从环境搭建开始，依次讲述了HTML5新元素、Canvas、SVG、Audio、GPS定位、拖拽效果、WEB存储、App Cache、HTML5 多线程和HTML5消息推送等内容。本课程详细讲解了HTML5的各个方面，课程从环境搭建开始，依次讲述了HTML5新元素、Canvas、SVG、Audio、GPS定位、拖拽效果、WEB存储、App Cache、HTML5 多线程和HTML5消息推送等内容。</p><p>本课程详细讲解了HTML5的各个方面，课程从环境搭建开始，依次讲述了HTML5新元素、Canvas、SVG、Audio、GPS定位、拖拽效果、WEB存储、App Cache、HTML5 多线程和HTML5消息推送等内容。</p>',336),
(11,'2','11-数据分析可视化','1','11天','每周日开课','i前端各校区 ','img-course/11.jpg','600.00','<p>本课程详细讲解了HTML5的各个方面，课程从环境搭建开始，依次讲述了HTML5新元素、Canvas、SVG、Audio、GPS定位、拖拽效果、WEB存储、App Cache、HTML5 多线程和HTML5消息推送等内容。本课程详细讲解了HTML5的各个方面，课程从环境搭建开始，依次讲述了HTML5新元素、Canvas、SVG、Audio、GPS定位、拖拽效果、WEB存储、App Cache、HTML5 多线程和HTML5消息推送等内容。</p><p>本课程详细讲解了HTML5的各个方面，课程从环境搭建开始，依次讲述了HTML5新元素、Canvas、SVG、Audio、GPS定位、拖拽效果、WEB存储、App Cache、HTML5 多线程和HTML5消息推送等内容。本课程详细讲解了HTML5的各个方面，课程从环境搭建开始，依次讲述了HTML5新元素、Canvas、SVG、Audio、GPS定位、拖拽效果、WEB存储、App Cache、HTML5 多线程和HTML5消息推送等内容。</p><p>本课程详细讲解了HTML5的各个方面，课程从环境搭建开始，依次讲述了HTML5新元素、Canvas、SVG、Audio、GPS定位、拖拽效果、WEB存储、App Cache、HTML5 多线程和HTML5消息推送等内容。</p>',129),
(12,'3','12-好看插画动起来','2','12天','每周一开课','i前端各校区 ','img-course/12.jpg','599.00','<p>本课程详细讲解了HTML5的各个方面，课程从环境搭建开始，依次讲述了HTML5新元素、Canvas、SVG、Audio、GPS定位、拖拽效果、WEB存储、App Cache、HTML5 多线程和HTML5消息推送等内容。本课程详细讲解了HTML5的各个方面，课程从环境搭建开始，依次讲述了HTML5新元素、Canvas、SVG、Audio、GPS定位、拖拽效果、WEB存储、App Cache、HTML5 多线程和HTML5消息推送等内容。</p><p>本课程详细讲解了HTML5的各个方面，课程从环境搭建开始，依次讲述了HTML5新元素、Canvas、SVG、Audio、GPS定位、拖拽效果、WEB存储、App Cache、HTML5 多线程和HTML5消息推送等内容。本课程详细讲解了HTML5的各个方面，课程从环境搭建开始，依次讲述了HTML5新元素、Canvas、SVG、Audio、GPS定位、拖拽效果、WEB存储、App Cache、HTML5 多线程和HTML5消息推送等内容。</p><p>本课程详细讲解了HTML5的各个方面，课程从环境搭建开始，依次讲述了HTML5新元素、Canvas、SVG、Audio、GPS定位、拖拽效果、WEB存储、App Cache、HTML5 多线程和HTML5消息推送等内容。</p>',819),
(13,'1','13-魔术效果制作','1','10天','每周一开课','i前端各校区 ','img-course/13.jpg','300.00','<p>本课程详细讲解了HTML5的各个方面，课程从环境搭建开始，依次讲述了HTML5新元素、Canvas、SVG、Audio、GPS定位、拖拽效果、WEB存储、App Cache、HTML5 多线程和HTML5消息推送等内容。本课程详细讲解了HTML5的各个方面，课程从环境搭建开始，依次讲述了HTML5新元素、Canvas、SVG、Audio、GPS定位、拖拽效果、WEB存储、App Cache、HTML5 多线程和HTML5消息推送等内容。</p><p>本课程详细讲解了HTML5的各个方面，课程从环境搭建开始，依次讲述了HTML5新元素、Canvas、SVG、Audio、GPS定位、拖拽效果、WEB存储、App Cache、HTML5 多线程和HTML5消息推送等内容。本课程详细讲解了HTML5的各个方面，课程从环境搭建开始，依次讲述了HTML5新元素、Canvas、SVG、Audio、GPS定位、拖拽效果、WEB存储、App Cache、HTML5 多线程和HTML5消息推送等内容。</p><p>本课程详细讲解了HTML5的各个方面，课程从环境搭建开始，依次讲述了HTML5新元素、Canvas、SVG、Audio、GPS定位、拖拽效果、WEB存储、App Cache、HTML5 多线程和HTML5消息推送等内容。</p>',351),
(14,'2','14-WUI界面设计','2','4天','每周二开课','i前端各校区 ','img-course/14.jpg','299.00','<p>本课程详细讲解了HTML5的各个方面，课程从环境搭建开始，依次讲述了HTML5新元素、Canvas、SVG、Audio、GPS定位、拖拽效果、WEB存储、App Cache、HTML5 多线程和HTML5消息推送等内容。本课程详细讲解了HTML5的各个方面，课程从环境搭建开始，依次讲述了HTML5新元素、Canvas、SVG、Audio、GPS定位、拖拽效果、WEB存储、App Cache、HTML5 多线程和HTML5消息推送等内容。</p><p>本课程详细讲解了HTML5的各个方面，课程从环境搭建开始，依次讲述了HTML5新元素、Canvas、SVG、Audio、GPS定位、拖拽效果、WEB存储、App Cache、HTML5 多线程和HTML5消息推送等内容。本课程详细讲解了HTML5的各个方面，课程从环境搭建开始，依次讲述了HTML5新元素、Canvas、SVG、Audio、GPS定位、拖拽效果、WEB存储、App Cache、HTML5 多线程和HTML5消息推送等内容。</p><p>本课程详细讲解了HTML5的各个方面，课程从环境搭建开始，依次讲述了HTML5新元素、Canvas、SVG、Audio、GPS定位、拖拽效果、WEB存储、App Cache、HTML5 多线程和HTML5消息推送等内容。</p>',513),
(15,'3','15-红帽认证课程','5','3天','每周五开课','i前端各校区 ','img-course/15.jpg','400.00','<p>本课程详细讲解了HTML5的各个方面，课程从环境搭建开始，依次讲述了HTML5新元素、Canvas、SVG、Audio、GPS定位、拖拽效果、WEB存储、App Cache、HTML5 多线程和HTML5消息推送等内容。本课程详细讲解了HTML5的各个方面，课程从环境搭建开始，依次讲述了HTML5新元素、Canvas、SVG、Audio、GPS定位、拖拽效果、WEB存储、App Cache、HTML5 多线程和HTML5消息推送等内容。</p><p>本课程详细讲解了HTML5的各个方面，课程从环境搭建开始，依次讲述了HTML5新元素、Canvas、SVG、Audio、GPS定位、拖拽效果、WEB存储、App Cache、HTML5 多线程和HTML5消息推送等内容。本课程详细讲解了HTML5的各个方面，课程从环境搭建开始，依次讲述了HTML5新元素、Canvas、SVG、Audio、GPS定位、拖拽效果、WEB存储、App Cache、HTML5 多线程和HTML5消息推送等内容。</p><p>本课程详细讲解了HTML5的各个方面，课程从环境搭建开始，依次讲述了HTML5新元素、Canvas、SVG、Audio、GPS定位、拖拽效果、WEB存储、App Cache、HTML5 多线程和HTML5消息推送等内容。</p>',113),
(16,'1','16-WEB前端forUI','1','10天','每周三开课','i前端各校区 ','img-course/16.jpg','599.00','<p>本课程详细讲解了HTML5的各个方面，课程从环境搭建开始，依次讲述了HTML5新元素、Canvas、SVG、Audio、GPS定位、拖拽效果、WEB存储、App Cache、HTML5 多线程和HTML5消息推送等内容。本课程详细讲解了HTML5的各个方面，课程从环境搭建开始，依次讲述了HTML5新元素、Canvas、SVG、Audio、GPS定位、拖拽效果、WEB存储、App Cache、HTML5 多线程和HTML5消息推送等内容。</p><p>本课程详细讲解了HTML5的各个方面，课程从环境搭建开始，依次讲述了HTML5新元素、Canvas、SVG、Audio、GPS定位、拖拽效果、WEB存储、App Cache、HTML5 多线程和HTML5消息推送等内容。本课程详细讲解了HTML5的各个方面，课程从环境搭建开始，依次讲述了HTML5新元素、Canvas、SVG、Audio、GPS定位、拖拽效果、WEB存储、App Cache、HTML5 多线程和HTML5消息推送等内容。</p><p>本课程详细讲解了HTML5的各个方面，课程从环境搭建开始，依次讲述了HTML5新元素、Canvas、SVG、Audio、GPS定位、拖拽效果、WEB存储、App Cache、HTML5 多线程和HTML5消息推送等内容。</p>',711),
(17,'2','17-红帽认证工程师','5','15天','每周四开课','i前端各校区 ','img-course/17.jpg','350.00','<p>本课程详细讲解了HTML5的各个方面，课程从环境搭建开始，依次讲述了HTML5新元素、Canvas、SVG、Audio、GPS定位、拖拽效果、WEB存储、App Cache、HTML5 多线程和HTML5消息推送等内容。本课程详细讲解了HTML5的各个方面，课程从环境搭建开始，依次讲述了HTML5新元素、Canvas、SVG、Audio、GPS定位、拖拽效果、WEB存储、App Cache、HTML5 多线程和HTML5消息推送等内容。</p><p>本课程详细讲解了HTML5的各个方面，课程从环境搭建开始，依次讲述了HTML5新元素、Canvas、SVG、Audio、GPS定位、拖拽效果、WEB存储、App Cache、HTML5 多线程和HTML5消息推送等内容。本课程详细讲解了HTML5的各个方面，课程从环境搭建开始，依次讲述了HTML5新元素、Canvas、SVG、Audio、GPS定位、拖拽效果、WEB存储、App Cache、HTML5 多线程和HTML5消息推送等内容。</p><p>本课程详细讲解了HTML5的各个方面，课程从环境搭建开始，依次讲述了HTML5新元素、Canvas、SVG、Audio、GPS定位、拖拽效果、WEB存储、App Cache、HTML5 多线程和HTML5消息推送等内容。</p>',762),
(18,'3','18-WEB前端精品课','1','2天','每周三开课','i前端各校区 ','img-course/18.jpg','600.00','<p>本课程详细讲解了HTML5的各个方面，课程从环境搭建开始，依次讲述了HTML5新元素、Canvas、SVG、Audio、GPS定位、拖拽效果、WEB存储、App Cache、HTML5 多线程和HTML5消息推送等内容。本课程详细讲解了HTML5的各个方面，课程从环境搭建开始，依次讲述了HTML5新元素、Canvas、SVG、Audio、GPS定位、拖拽效果、WEB存储、App Cache、HTML5 多线程和HTML5消息推送等内容。</p><p>本课程详细讲解了HTML5的各个方面，课程从环境搭建开始，依次讲述了HTML5新元素、Canvas、SVG、Audio、GPS定位、拖拽效果、WEB存储、App Cache、HTML5 多线程和HTML5消息推送等内容。本课程详细讲解了HTML5的各个方面，课程从环境搭建开始，依次讲述了HTML5新元素、Canvas、SVG、Audio、GPS定位、拖拽效果、WEB存储、App Cache、HTML5 多线程和HTML5消息推送等内容。</p><p>本课程详细讲解了HTML5的各个方面，课程从环境搭建开始，依次讲述了HTML5新元素、Canvas、SVG、Audio、GPS定位、拖拽效果、WEB存储、App Cache、HTML5 多线程和HTML5消息推送等内容。</p>',812),
(19,'1','19-PS入门基础课','4','8天','每周一开课','i前端各校区 ','img-course/19.jpg','588.00','<p>本课程详细讲解了HTML5的各个方面，课程从环境搭建开始，依次讲述了HTML5新元素、Canvas、SVG、Audio、GPS定位、拖拽效果、WEB存储、App Cache、HTML5 多线程和HTML5消息推送等内容。本课程详细讲解了HTML5的各个方面，课程从环境搭建开始，依次讲述了HTML5新元素、Canvas、SVG、Audio、GPS定位、拖拽效果、WEB存储、App Cache、HTML5 多线程和HTML5消息推送等内容。</p><p>本课程详细讲解了HTML5的各个方面，课程从环境搭建开始，依次讲述了HTML5新元素、Canvas、SVG、Audio、GPS定位、拖拽效果、WEB存储、App Cache、HTML5 多线程和HTML5消息推送等内容。本课程详细讲解了HTML5的各个方面，课程从环境搭建开始，依次讲述了HTML5新元素、Canvas、SVG、Audio、GPS定位、拖拽效果、WEB存储、App Cache、HTML5 多线程和HTML5消息推送等内容。</p><p>本课程详细讲解了HTML5的各个方面，课程从环境搭建开始，依次讲述了HTML5新元素、Canvas、SVG、Audio、GPS定位、拖拽效果、WEB存储、App Cache、HTML5 多线程和HTML5消息推送等内容。</p>',611),
(20,'2','20-前端开发框架','2','1天','每周二开课','i前端各校区 ','img-course/20.jpg','800.00','<p>本课程详细讲解了HTML5的各个方面，课程从环境搭建开始，依次讲述了HTML5新元素、Canvas、SVG、Audio、GPS定位、拖拽效果、WEB存储、App Cache、HTML5 多线程和HTML5消息推送等内容。本课程详细讲解了HTML5的各个方面，课程从环境搭建开始，依次讲述了HTML5新元素、Canvas、SVG、Audio、GPS定位、拖拽效果、WEB存储、App Cache、HTML5 多线程和HTML5消息推送等内容。</p><p>本课程详细讲解了HTML5的各个方面，课程从环境搭建开始，依次讲述了HTML5新元素、Canvas、SVG、Audio、GPS定位、拖拽效果、WEB存储、App Cache、HTML5 多线程和HTML5消息推送等内容。本课程详细讲解了HTML5的各个方面，课程从环境搭建开始，依次讲述了HTML5新元素、Canvas、SVG、Audio、GPS定位、拖拽效果、WEB存储、App Cache、HTML5 多线程和HTML5消息推送等内容。</p><p>本课程详细讲解了HTML5的各个方面，课程从环境搭建开始，依次讲述了HTML5新元素、Canvas、SVG、Audio、GPS定位、拖拽效果、WEB存储、App Cache、HTML5 多线程和HTML5消息推送等内容。</p>',512),
(21,'3','21-MongoDB全接触','4','10天','每周五开课','i前端各校区 ','img-course/21.jpg','200.00','<p>本课程详细讲解了HTML5的各个方面，课程从环境搭建开始，依次讲述了HTML5新元素、Canvas、SVG、Audio、GPS定位、拖拽效果、WEB存储、App Cache、HTML5 多线程和HTML5消息推送等内容。本课程详细讲解了HTML5的各个方面，课程从环境搭建开始，依次讲述了HTML5新元素、Canvas、SVG、Audio、GPS定位、拖拽效果、WEB存储、App Cache、HTML5 多线程和HTML5消息推送等内容。</p><p>本课程详细讲解了HTML5的各个方面，课程从环境搭建开始，依次讲述了HTML5新元素、Canvas、SVG、Audio、GPS定位、拖拽效果、WEB存储、App Cache、HTML5 多线程和HTML5消息推送等内容。本课程详细讲解了HTML5的各个方面，课程从环境搭建开始，依次讲述了HTML5新元素、Canvas、SVG、Audio、GPS定位、拖拽效果、WEB存储、App Cache、HTML5 多线程和HTML5消息推送等内容。</p><p>本课程详细讲解了HTML5的各个方面，课程从环境搭建开始，依次讲述了HTML5新元素、Canvas、SVG、Audio、GPS定位、拖拽效果、WEB存储、App Cache、HTML5 多线程和HTML5消息推送等内容。</p>',912),
(22,'1','22-微信小程序开发','5','5天','每周六开课','i前端各校区 ','img-course/22.jpg','450.00','<p>本课程详细讲解了HTML5的各个方面，课程从环境搭建开始，依次讲述了HTML5新元素、Canvas、SVG、Audio、GPS定位、拖拽效果、WEB存储、App Cache、HTML5 多线程和HTML5消息推送等内容。本课程详细讲解了HTML5的各个方面，课程从环境搭建开始，依次讲述了HTML5新元素、Canvas、SVG、Audio、GPS定位、拖拽效果、WEB存储、App Cache、HTML5 多线程和HTML5消息推送等内容。</p><p>本课程详细讲解了HTML5的各个方面，课程从环境搭建开始，依次讲述了HTML5新元素、Canvas、SVG、Audio、GPS定位、拖拽效果、WEB存储、App Cache、HTML5 多线程和HTML5消息推送等内容。本课程详细讲解了HTML5的各个方面，课程从环境搭建开始，依次讲述了HTML5新元素、Canvas、SVG、Audio、GPS定位、拖拽效果、WEB存储、App Cache、HTML5 多线程和HTML5消息推送等内容。</p><p>本课程详细讲解了HTML5的各个方面，课程从环境搭建开始，依次讲述了HTML5新元素、Canvas、SVG、Audio、GPS定位、拖拽效果、WEB存储、App Cache、HTML5 多线程和HTML5消息推送等内容。</p>',336),
(23,'2','23-Shell脚本编程','5','11天','每周日开课','i前端各校区 ','img-course/23.jpg','600.00','<p>本课程详细讲解了HTML5的各个方面，课程从环境搭建开始，依次讲述了HTML5新元素、Canvas、SVG、Audio、GPS定位、拖拽效果、WEB存储、App Cache、HTML5 多线程和HTML5消息推送等内容。本课程详细讲解了HTML5的各个方面，课程从环境搭建开始，依次讲述了HTML5新元素、Canvas、SVG、Audio、GPS定位、拖拽效果、WEB存储、App Cache、HTML5 多线程和HTML5消息推送等内容。</p><p>本课程详细讲解了HTML5的各个方面，课程从环境搭建开始，依次讲述了HTML5新元素、Canvas、SVG、Audio、GPS定位、拖拽效果、WEB存储、App Cache、HTML5 多线程和HTML5消息推送等内容。本课程详细讲解了HTML5的各个方面，课程从环境搭建开始，依次讲述了HTML5新元素、Canvas、SVG、Audio、GPS定位、拖拽效果、WEB存储、App Cache、HTML5 多线程和HTML5消息推送等内容。</p><p>本课程详细讲解了HTML5的各个方面，课程从环境搭建开始，依次讲述了HTML5新元素、Canvas、SVG、Audio、GPS定位、拖拽效果、WEB存储、App Cache、HTML5 多线程和HTML5消息推送等内容。</p>',129),
(24,'3','24-EME微信运营','2','12天','每周一开课','i前端各校区 ','img-course/24.jpg','599.00','<p>本课程详细讲解了HTML5的各个方面，课程从环境搭建开始，依次讲述了HTML5新元素、Canvas、SVG、Audio、GPS定位、拖拽效果、WEB存储、App Cache、HTML5 多线程和HTML5消息推送等内容。本课程详细讲解了HTML5的各个方面，课程从环境搭建开始，依次讲述了HTML5新元素、Canvas、SVG、Audio、GPS定位、拖拽效果、WEB存储、App Cache、HTML5 多线程和HTML5消息推送等内容。</p><p>本课程详细讲解了HTML5的各个方面，课程从环境搭建开始，依次讲述了HTML5新元素、Canvas、SVG、Audio、GPS定位、拖拽效果、WEB存储、App Cache、HTML5 多线程和HTML5消息推送等内容。本课程详细讲解了HTML5的各个方面，课程从环境搭建开始，依次讲述了HTML5新元素、Canvas、SVG、Audio、GPS定位、拖拽效果、WEB存储、App Cache、HTML5 多线程和HTML5消息推送等内容。</p><p>本课程详细讲解了HTML5的各个方面，课程从环境搭建开始，依次讲述了HTML5新元素、Canvas、SVG、Audio、GPS定位、拖拽效果、WEB存储、App Cache、HTML5 多线程和HTML5消息推送等内容。</p>',819),
(25,'3','25-项目实战课','3','2天','每周三开课','i前端各校区 ','img-course/25.jpg','600.00','<p>本课程详细讲解了HTML5的各个方面，课程从环境搭建开始，依次讲述了HTML5新元素、Canvas、SVG、Audio、GPS定位、拖拽效果、WEB存储、App Cache、HTML5 多线程和HTML5消息推送等内容。本课程详细讲解了HTML5的各个方面，课程从环境搭建开始，依次讲述了HTML5新元素、Canvas、SVG、Audio、GPS定位、拖拽效果、WEB存储、App Cache、HTML5 多线程和HTML5消息推送等内容。</p><p>本课程详细讲解了HTML5的各个方面，课程从环境搭建开始，依次讲述了HTML5新元素、Canvas、SVG、Audio、GPS定位、拖拽效果、WEB存储、App Cache、HTML5 多线程和HTML5消息推送等内容。本课程详细讲解了HTML5的各个方面，课程从环境搭建开始，依次讲述了HTML5新元素、Canvas、SVG、Audio、GPS定位、拖拽效果、WEB存储、App Cache、HTML5 多线程和HTML5消息推送等内容。</p><p>本课程详细讲解了HTML5的各个方面，课程从环境搭建开始，依次讲述了HTML5新元素、Canvas、SVG、Audio、GPS定位、拖拽效果、WEB存储、App Cache、HTML5 多线程和HTML5消息推送等内容。</p>',812),
(26,'1','26-HADOOP','2','8天','每周一开课','i前端各校区 ','img-course/26.jpg','588.00','<p>本课程详细讲解了HTML5的各个方面，课程从环境搭建开始，依次讲述了HTML5新元素、Canvas、SVG、Audio、GPS定位、拖拽效果、WEB存储、App Cache、HTML5 多线程和HTML5消息推送等内容。本课程详细讲解了HTML5的各个方面，课程从环境搭建开始，依次讲述了HTML5新元素、Canvas、SVG、Audio、GPS定位、拖拽效果、WEB存储、App Cache、HTML5 多线程和HTML5消息推送等内容。</p><p>本课程详细讲解了HTML5的各个方面，课程从环境搭建开始，依次讲述了HTML5新元素、Canvas、SVG、Audio、GPS定位、拖拽效果、WEB存储、App Cache、HTML5 多线程和HTML5消息推送等内容。本课程详细讲解了HTML5的各个方面，课程从环境搭建开始，依次讲述了HTML5新元素、Canvas、SVG、Audio、GPS定位、拖拽效果、WEB存储、App Cache、HTML5 多线程和HTML5消息推送等内容。</p><p>本课程详细讲解了HTML5的各个方面，课程从环境搭建开始，依次讲述了HTML5新元素、Canvas、SVG、Audio、GPS定位、拖拽效果、WEB存储、App Cache、HTML5 多线程和HTML5消息推送等内容。</p>',611),
(27,'2','27-功能测试工具','1','1天','每周二开课','i前端各校区 ','img-course/27.jpg','800.00','<p>本课程详细讲解了HTML5的各个方面，课程从环境搭建开始，依次讲述了HTML5新元素、Canvas、SVG、Audio、GPS定位、拖拽效果、WEB存储、App Cache、HTML5 多线程和HTML5消息推送等内容。本课程详细讲解了HTML5的各个方面，课程从环境搭建开始，依次讲述了HTML5新元素、Canvas、SVG、Audio、GPS定位、拖拽效果、WEB存储、App Cache、HTML5 多线程和HTML5消息推送等内容。</p><p>本课程详细讲解了HTML5的各个方面，课程从环境搭建开始，依次讲述了HTML5新元素、Canvas、SVG、Audio、GPS定位、拖拽效果、WEB存储、App Cache、HTML5 多线程和HTML5消息推送等内容。本课程详细讲解了HTML5的各个方面，课程从环境搭建开始，依次讲述了HTML5新元素、Canvas、SVG、Audio、GPS定位、拖拽效果、WEB存储、App Cache、HTML5 多线程和HTML5消息推送等内容。</p><p>本课程详细讲解了HTML5的各个方面，课程从环境搭建开始，依次讲述了HTML5新元素、Canvas、SVG、Audio、GPS定位、拖拽效果、WEB存储、App Cache、HTML5 多线程和HTML5消息推送等内容。</p>',512),
(28,'3','28-网站部署工具','4','10天','每周五开课','i前端各校区 ','img-course/28.jpg','200.00','<p>本课程详细讲解了HTML5的各个方面，课程从环境搭建开始，依次讲述了HTML5新元素、Canvas、SVG、Audio、GPS定位、拖拽效果、WEB存储、App Cache、HTML5 多线程和HTML5消息推送等内容。本课程详细讲解了HTML5的各个方面，课程从环境搭建开始，依次讲述了HTML5新元素、Canvas、SVG、Audio、GPS定位、拖拽效果、WEB存储、App Cache、HTML5 多线程和HTML5消息推送等内容。</p><p>本课程详细讲解了HTML5的各个方面，课程从环境搭建开始，依次讲述了HTML5新元素、Canvas、SVG、Audio、GPS定位、拖拽效果、WEB存储、App Cache、HTML5 多线程和HTML5消息推送等内容。本课程详细讲解了HTML5的各个方面，课程从环境搭建开始，依次讲述了HTML5新元素、Canvas、SVG、Audio、GPS定位、拖拽效果、WEB存储、App Cache、HTML5 多线程和HTML5消息推送等内容。</p><p>本课程详细讲解了HTML5的各个方面，课程从环境搭建开始，依次讲述了HTML5新元素、Canvas、SVG、Audio、GPS定位、拖拽效果、WEB存储、App Cache、HTML5 多线程和HTML5消息推送等内容。</p>',912),
(29,'1','29-画超萌披萨','2','5天','每周六开课','i前端各校区 ','img-course/29.jpg','450.00','<p>本课程详细讲解了HTML5的各个方面，课程从环境搭建开始，依次讲述了HTML5新元素、Canvas、SVG、Audio、GPS定位、拖拽效果、WEB存储、App Cache、HTML5 多线程和HTML5消息推送等内容。本课程详细讲解了HTML5的各个方面，课程从环境搭建开始，依次讲述了HTML5新元素、Canvas、SVG、Audio、GPS定位、拖拽效果、WEB存储、App Cache、HTML5 多线程和HTML5消息推送等内容。</p><p>本课程详细讲解了HTML5的各个方面，课程从环境搭建开始，依次讲述了HTML5新元素、Canvas、SVG、Audio、GPS定位、拖拽效果、WEB存储、App Cache、HTML5 多线程和HTML5消息推送等内容。本课程详细讲解了HTML5的各个方面，课程从环境搭建开始，依次讲述了HTML5新元素、Canvas、SVG、Audio、GPS定位、拖拽效果、WEB存储、App Cache、HTML5 多线程和HTML5消息推送等内容。</p><p>本课程详细讲解了HTML5的各个方面，课程从环境搭建开始，依次讲述了HTML5新元素、Canvas、SVG、Audio、GPS定位、拖拽效果、WEB存储、App Cache、HTML5 多线程和HTML5消息推送等内容。</p>',336),
(30,'2','30-绘制小哪吒','4','11天','每周日开课','i前端各校区 ','img-course/30.jpg','600.00','<p>本课程详细讲解了HTML5的各个方面，课程从环境搭建开始，依次讲述了HTML5新元素、Canvas、SVG、Audio、GPS定位、拖拽效果、WEB存储、App Cache、HTML5 多线程和HTML5消息推送等内容。本课程详细讲解了HTML5的各个方面，课程从环境搭建开始，依次讲述了HTML5新元素、Canvas、SVG、Audio、GPS定位、拖拽效果、WEB存储、App Cache、HTML5 多线程和HTML5消息推送等内容。</p><p>本课程详细讲解了HTML5的各个方面，课程从环境搭建开始，依次讲述了HTML5新元素、Canvas、SVG、Audio、GPS定位、拖拽效果、WEB存储、App Cache、HTML5 多线程和HTML5消息推送等内容。本课程详细讲解了HTML5的各个方面，课程从环境搭建开始，依次讲述了HTML5新元素、Canvas、SVG、Audio、GPS定位、拖拽效果、WEB存储、App Cache、HTML5 多线程和HTML5消息推送等内容。</p><p>本课程详细讲解了HTML5的各个方面，课程从环境搭建开始，依次讲述了HTML5新元素、Canvas、SVG、Audio、GPS定位、拖拽效果、WEB存储、App Cache、HTML5 多线程和HTML5消息推送等内容。</p>',129),
(31,'3','31-MySQL存储过程','3','12天','每周一开课','i前端各校区 ','img-course/31.jpg','599.00','<p>本课程详细讲解了HTML5的各个方面，课程从环境搭建开始，依次讲述了HTML5新元素、Canvas、SVG、Audio、GPS定位、拖拽效果、WEB存储、App Cache、HTML5 多线程和HTML5消息推送等内容。本课程详细讲解了HTML5的各个方面，课程从环境搭建开始，依次讲述了HTML5新元素、Canvas、SVG、Audio、GPS定位、拖拽效果、WEB存储、App Cache、HTML5 多线程和HTML5消息推送等内容。</p><p>本课程详细讲解了HTML5的各个方面，课程从环境搭建开始，依次讲述了HTML5新元素、Canvas、SVG、Audio、GPS定位、拖拽效果、WEB存储、App Cache、HTML5 多线程和HTML5消息推送等内容。本课程详细讲解了HTML5的各个方面，课程从环境搭建开始，依次讲述了HTML5新元素、Canvas、SVG、Audio、GPS定位、拖拽效果、WEB存储、App Cache、HTML5 多线程和HTML5消息推送等内容。</p><p>本课程详细讲解了HTML5的各个方面，课程从环境搭建开始，依次讲述了HTML5新元素、Canvas、SVG、Audio、GPS定位、拖拽效果、WEB存储、App Cache、HTML5 多线程和HTML5消息推送等内容。</p>',819);

/*6.校区开课表*/
CREATE TABLE schoolCourse(
   scId INT PRIMARY KEY AUTO_INCREMENT,
   courseId INT,	/*课程编号*/
   schoolId INT		/*校区编号*/
   /*如果每个校区开同一门课程时间不同，此处还需要记录开课时间*/
);
INSERT INTO schoolCourse VALUES
(NULL, 1, 3),
(NULL, 1, 4),
(NULL, 1, 5),
(NULL, 2, 1),
(NULL, 2, 3),
(NULL, 3, 4),
(NULL, 3, 5),
(NULL, 4, 1),
(NULL, 4, 2),
(NULL, 4, 3),
(NULL, 5, 3),
(NULL, 5, 4),
(NULL, 5, 5),
(NULL, 6, 1),
(NULL, 6, 3),
(NULL, 6, 4),
(NULL, 7, 1),
(NULL, 7, 2),
(NULL, 7, 3),
(NULL, 8, 1),
(NULL, 8, 2),
(NULL, 8, 3),
(NULL, 9, 2),
(NULL, 9, 3),
(NULL, 9, 5),
(NULL, 10, 1),
(NULL, 10, 3),
(NULL, 11, 2),
(NULL, 11, 4),
(NULL, 11, 5),
(NULL, 12, 1),
(NULL, 12, 2),
(NULL, 12, 4),
(NULL, 12, 4),
(NULL, 13, 4),
(NULL, 14, 5),
(NULL, 15, 2),
(NULL, 15, 3),
(NULL, 15, 4),
(NULL, 15, 5),
(NULL, 16, 2),
(NULL, 16, 3),
(NULL, 16, 5),
(NULL, 17, 2),
(NULL, 17, 3),
(NULL, 18, 1),
(NULL, 18, 2),
(NULL, 19, 3),
(NULL, 19, 4),
(NULL, 20, 2),
(NULL, 20, 5),
(NULL, 21, 1),
(NULL, 22, 2),
(NULL, 22, 3),
(NULL, 23, 4),
(NULL, 24, 5),
(NULL, 25, 2),
(NULL, 25, 4),
(NULL, 26, 1),
(NULL, 26, 3),
(NULL, 26, 4),
(NULL, 27, 1),
(NULL, 27, 2),
(NULL, 27, 3),
(NULL, 28, 2),
(NULL, 28, 4),
(NULL, 29, 2),
(NULL, 29, 5),
(NULL, 30, 1),
(NULL, 30, 2),
(NULL, 30, 3),
(NULL, 30, 4),
(NULL, 31, 2);

/**7.用户表**/
CREATE TABLE user(
    uid INT PRIMARY KEY AUTO_INCREMENT, /*用户编号*/    
    uname VARCHAR(32),                  /*用户名-邮箱格式*/
    phone VARCHAR(11),                 	/*电话*/
    upwd VARCHAR(32),	               	/*密码*/
    nickname VARCHAR(32) NOT NULL DEFAULT '',	  /*昵称*/
    sex	VARCHAR(1) NOT NULL DEFAULT '',		  /*性别，M-男，F-女, DEFAULT 'M'*/
    age	VARCHAR(3) NOT NULL DEFAULT '',		  /*年龄*/
    edu	VARCHAR(16) NOT NULL DEFAULT '',	      /*学历*/
    job	VARCHAR(16) NOT NULL DEFAULT '',	      /*职业*/
	avatar VARCHAR(128) NOT NULL DEFAULT 'images/user.png'		/*头像*/
);
INSERT INTO `user` (`uid`, `uname`, `phone`, `upwd`, `nickname`, `sex`, `age`, `edu`, `job`) VALUES
(1, 'liangliang@tedu.cn', '13501234567', '123456', '亮亮', '男', '25', '本科', '教师'),
(2, 'ranran@tedu.cn', '13501234568', '123456', '然然', '女', '23', '本科', '自由职业');

/*8.收藏夹*/
CREATE TABLE favorite(
    fid INT PRIMARY KEY AUTO_INCREMENT,/*收藏记录id*/
    userId INT,         /*用户id*/
    courseId INT,       /*课程id*/
    fTime VARCHAR(16)   /*收藏时间*/
);

/**9.购物车表**/
CREATE TABLE cart(
    ctid INT PRIMARY KEY AUTO_INCREMENT,/*购物车编号*/
    userId INT,         /*用户编号*/
    courseId INT,       /*产品编号*/
    count INT     /*数量*/
);
INSERT INTO `cart` (`ctid`, `userId`, `courseId`, `count`) VALUES
(1, 2, 10, 3),
(2, 2, 7, 1),
(3, 2, 5, 4);

/*10.收获地址表*/
CREATE TABLE orderAddress(
   oaId INT PRIMARY KEY AUTO_INCREMENT,		/*地址编号*/
   userId INT,				/*用户编号*/
   province VARCHAR(32),		/*省份*/
   city VARCHAR(32),			/*市*/
   county VARCHAR(32),			/*区/县*/
   details VARCHAR(128),		/*详细地址*/
   phone VARCHAR(19),			/*联系电话*/
   receiverName VARCHAR(32)			/*收货人姓名*/
);

/**11.订单表*/
CREATE TABLE orders(
    oid INT PRIMARY KEY AUTO_INCREMENT,/*订单id*/
    userId INT/*用户id*/
);
INSERT INTO `orders` (`oid`, `userId`) VALUES
(1, 2),
(2, 2),
(3, 1);

/**12.订单详情表**/
CREATE TABLE orders_detail(
   odid INT PRIMARY KEY AUTO_INCREMENT,
   orderId INT,                          /*订单编号*/
   courseId INT,                       /*课程编号*/
   count INT                            /*购买数量*/
);
INSERT INTO `orders_detail` (`odid`, `orderId`, `courseId`, `count`) VALUES
(1, 1, 8, 2),
(2, 1, 10, 1),
(3, 2, 3, 1),
(4, 3, 4, 5),
(5, 3, 9, 1),
(6, 3, 11, 3);